date,listeners,streams,followers
2018-01-14,6984,14442,2479
2018-01-13,6906,15226,2477
2018-01-12,8342,19822,2477
2018-01-11,8791,19822,2476
2018-01-10,8437,19586,2474
2018-01-09,8348,19475,2473
2018-01-08,8219,18812,2472
2018-01-07,6858,15132,2472
2018-01-06,6862,15638,2467
2018-01-05,8286,18875,2466
2018-01-04,8594,19252,2464
2018-01-03,8577,19219,2466
2018-01-02,7537,16569,2466
2018-01-01,5156,10981,2465
2017-12-31,5310,12197,2465
2017-12-30,6096,14745,2464
2017-12-29,7073,17205,2464
2017-12-28,7603,17769,2463
2017-12-27,7096,15466,2461
2017-12-26,5681,12657,2459
2017-12-25,4330,9419,2459
2017-12-24,4474,10234,2458
2017-12-23,5436,12934,2458
2017-12-22,6711,15024,2458
2017-12-21,7434,16652,2458
2017-12-20,7544,16856,2458
2017-12-19,7300,15704,2458
2017-12-18,7488,15748,2458
2017-12-17,5326,10871,2459
2017-12-16,5624,12207,2459
2017-12-15,6884,15837,2457
2017-12-14,7859,17491,2456
2017-12-13,8524,17972,2455
2017-12-12,8463,17829,2455
2017-12-11,8930,18073,2455
2017-12-10,6086,12085,2453
2017-12-09,6001,14156,2452
2017-12-08,7042,15579,2454
2017-12-07,7731,17667,2453
2017-12-06,8100,17550,2452
2017-12-05,8422,18527,2452
2017-12-04,8456,18116,2452
2017-12-03,5894,13261,2450
2017-12-02,6024,13978,2445
2017-12-01,7354,16575,2444
2017-11-30,8039,18602,2442
2017-11-29,8229,18511,2443
2017-11-28,8225,18154,2443
2017-11-27,8238,16719,2443
2017-11-26,5279,11763,2441
2017-11-25,5549,12999,2442
2017-11-24,6720,15416,2440
2017-11-23,8959,19299,2438
2017-11-22,8108,18326,2440
2017-11-21,7906,18265,2440
2017-11-20,7744,16651,2438
2017-11-19,5569,12005,2436
2017-11-18,5904,13366,2436
2017-11-17,7294,16945,2435
2017-11-16,8172,18778,2435
2017-11-15,7839,17580,2437
2017-11-14,8159,18256,2436
2017-11-13,7917,16383,2436
2017-11-12,5350,10917,2434
2017-11-11,5598,13747,2434
2017-11-10,6925,16474,2431
2017-11-09,8611,18863,2429
2017-11-08,8462,19201,2431
2017-11-07,7949,17485,2431
2017-11-06,7805,16745,2431
2017-11-05,6139,12582,2430
2017-11-04,6154,14191,2429
2017-11-03,7589,17743,2428
2017-11-02,8271,19513,2426
2017-11-01,8269,18287,2425
2017-10-31,7840,17429,2424
2017-10-30,8112,17881,2423
2017-10-29,5885,12426,2283
2017-10-28,6327,13970,2158
2017-10-27,7904,18164,2102
2017-10-26,9183,20470,2100
2017-10-25,8837,19543,2101
2017-10-24,8589,19659,2098
2017-10-23,8520,18781,2097
2017-10-22,6018,12313,2094
2017-10-21,6428,14565,2094
2017-10-20,7762,18276,2094
2017-10-19,8598,19139,2093
2017-10-18,8083,18411,2093
2017-10-17,8342,18921,2093
2017-10-16,7471,16170,2091
2017-10-15,5171,11320,2091
2017-10-14,5409,12412,2091
2017-10-13,6748,15855,2091
2017-10-12,7292,16164,2089
2017-10-11,7616,16680,2088
2017-10-10,8062,17473,2088
2017-10-09,17296,26684,2087
2017-10-08,16266,23049,2086
2017-10-07,16403,24628,2083
2017-10-06,18952,29108,2083
2017-10-05,20585,31697,2080
2017-10-04,20832,31495,2080
2017-10-03,20841,30963,2080
2017-10-02,20644,30266,2079
2017-10-01,16119,22359,2079
2017-09-30,16033,24129,2077
2017-09-29,19327,28996,2076
2017-09-28,9522,20386,2073
2017-09-27,7346,16568,2069
2017-09-26,7512,17260,2068
2017-09-25,7220,15424,2067
2017-09-24,5035,10728,2067
2017-09-23,5589,12284,2065
2017-09-22,6934,17267,2065
2017-09-21,7838,17170,2062
2017-09-20,7596,17642,2061
2017-09-19,7711,17118,2061
2017-09-18,7483,15931,2061
2017-09-17,5433,10703,2058
2017-09-16,5993,13005,2058
2017-09-15,7432,16336,2057
2017-09-14,8290,18509,2056
2017-09-13,7175,16572,2053
2017-09-12,7014,16008,2051
2017-09-11,6838,15540,2050
2017-09-10,4655,10084,2049
2017-09-09,5265,12550,2048
2017-09-08,6606,15588,2046
2017-09-07,7667,17861,2047
2017-09-06,8116,17943,2045
2017-09-05,7292,16806,2042
2017-09-04,6503,14215,2042
2017-09-03,4970,11127,2041
2017-09-02,5329,12353,2040
2017-09-01,6790,15998,2040
2017-08-31,7820,17610,2040
2017-08-30,7307,16742,2040
2017-08-29,7116,16384,2040
2017-08-28,6694,15222,2041
2017-08-27,4925,10887,2041
2017-08-26,5528,12666,2040
2017-08-25,7203,16912,2039
2017-08-24,7998,19008,2039
2017-08-23,7689,18532,2039
2017-08-22,7609,17878,2039
2017-08-21,7165,16146,2037
2017-08-20,4810,10812,2036
2017-08-19,5369,12857,2036
2017-08-18,6415,15642,2036
2017-08-17,6740,16539,2037
2017-08-16,6716,17226,2037
2017-08-15,6496,15891,2036
2017-08-14,6244,15472,2034
2017-08-13,4660,10763,2034
2017-08-12,5288,13086,2034
2017-08-11,6406,15408,2034
2017-08-10,6875,16216,2032
2017-08-09,6912,15974,2031
2017-08-08,7000,16518,2031
2017-08-07,6294,15018,2032
2017-08-06,4470,9999,2029
2017-08-05,4839,11836,2029
2017-08-04,5958,14189,2029
2017-08-03,6418,15591,2028
2017-08-02,6506,16474,2026
2017-08-01,6397,15073,2027
2017-07-31,5892,14126,2028
2017-07-30,4328,10006,2028
2017-07-29,4804,11374,2028
2017-07-28,5994,15031,2026
2017-07-27,6490,16341,2025
2017-07-26,6557,15525,2024
2017-07-25,6943,17201,2025
2017-07-24,6535,16160,2024
2017-07-23,4811,14978,2021
2017-07-22,5180,12374,2019
2017-07-21,5955,14639,2019
2017-07-20,6361,16536,2019
2017-07-19,6840,16996,2019
2017-07-18,6841,17521,2017
2017-07-17,6556,16348,2015
2017-07-16,4926,11179,2016
2017-07-15,5253,12544,2015
2017-07-14,6468,16004,2015
2017-07-13,6767,16977,2012
2017-07-12,6323,16477,2010
2017-07-11,6360,16246,2009
2017-07-10,5797,14151,2009
2017-07-09,4020,9641,2009
2017-07-08,4584,11262,2009
2017-07-07,5647,13894,2010
2017-07-06,5944,14882,2008
2017-07-05,5967,14632,2008
2017-07-04,5562,13853,2008
2017-07-03,5403,12893,2008
2017-07-02,4513,9960,2007
2017-07-01,5506,11640,2006
2017-06-30,5889,13715,2006
2017-06-29,6148,15042,2006
2017-06-28,6193,14812,2006
2017-06-27,6323,15023,2006
2017-06-26,6057,13918,2005
2017-06-25,4340,9461,2004
2017-06-24,5584,12092,2004
2017-06-23,5862,14117,2003
2017-06-22,6414,15794,2003
2017-06-21,6445,15995,2001
2017-06-20,6842,16541,2001
2017-06-19,6731,16237,1997
2017-06-18,4543,10362,1997
2017-06-17,5384,12676,1998
2017-06-16,6788,16193,1996
2017-06-15,6590,16159,1995
2017-06-14,6848,16781,1992
2017-06-13,6819,16431,1992
2017-06-12,6422,15101,1993
2017-06-11,4553,10425,1991
2017-06-10,4933,12063,1990
2017-06-09,6390,15478,1997
2017-06-08,6568,16627,1997
2017-06-07,6627,15545,1995
2017-06-06,6693,15566,1993
2017-06-05,6283,13754,1992
2017-06-04,4562,10559,1991
2017-06-03,5063,11261,1989
2017-06-02,6390,14421,1989
2017-06-01,6953,16015,1989
2017-05-31,7031,16261,1987
2017-05-30,7137,17887,1986
2017-05-29,6161,14378,1986
2017-05-28,4836,10895,1986
2017-05-27,5231,12539,1986
2017-05-26,6958,16024,1986
2017-05-25,7000,16068,1986
2017-05-24,7006,17532,1985
2017-05-23,7177,16566,1972
2017-05-22,6834,15870,1939
2017-05-21,5136,10869,1937
2017-05-20,5664,12949,1832
2017-05-19,6951,16243,1792
2017-05-18,7319,17470,1751
2017-05-17,7437,17077,1720
2017-05-16,7350,17464,1719
2017-05-15,6605,15693,1718
2017-05-14,4667,10731,1092
2017-05-13,5130,12645,1091
2017-05-12,6421,16032,1091
2017-05-11,6788,17064,1091
2017-05-10,6888,17447,1091
2017-05-09,7012,17091,1091
2017-05-08,6557,15204,1090
2017-05-07,4834,11592,1090
2017-05-06,5077,12338,1090
2017-05-05,6243,15275,1090
2017-05-04,6739,16706,1090
2017-05-03,6767,17155,1090
2017-05-02,6745,16641,1089
2017-05-01,5629,12705,1087
2017-04-30,4729,10332,1086
2017-04-29,5283,12583,1085
2017-04-28,6446,16163,1085
2017-04-27,6651,16167,1084
2017-04-26,6582,15978,1082
2017-04-25,6404,15225,1080
2017-04-24,6081,14437,1079
2017-04-23,4573,10304,1078
2017-04-22,4814,11341,1078
2017-04-21,5747,14340,1078
2017-04-20,5998,15212,1078
2017-04-19,5482,13330,1078
2017-04-18,5360,13110,1078
2017-04-17,4763,10243,1076
2017-04-16,3599,8008,1076
2017-04-15,3938,9113,1075
2017-04-14,4452,10456,1075
2017-04-13,5281,12789,1074
2017-04-12,6156,14631,1071
2017-04-11,6425,14696,1070
2017-04-10,6035,14554,1069
2017-04-09,4701,10244,1068
2017-04-08,5460,12697,1067
2017-04-07,6538,15037,1067
2017-04-06,7444,17624,1065
2017-04-05,8191,19241,1065
2017-04-04,8149,19030,1065
2017-04-03,7710,17747,1065
2017-04-02,5774,12399,1065
2017-04-01,6396,14094,1063
2017-03-31,7725,17550,1062
2017-03-30,8170,18807,1061
2017-03-29,8142,18970,1061
2017-03-28,8148,18427,1060
2017-03-27,7721,17360,1060
2017-03-26,5940,12288,1059
2017-03-25,6436,14000,1059
2017-03-24,7653,17651,1056
2017-03-23,8040,18615,1055
2017-03-22,8336,18989,1055
2017-03-21,8061,18297,1055
2017-03-20,7370,17042,1053
2017-03-19,5888,12735,1052
2017-03-18,6286,14226,1052
2017-03-17,7335,17286,1050
2017-03-16,7819,18199,1048
2017-03-15,7817,17748,1046
2017-03-14,7611,18011,1046
2017-03-13,7208,15989,1046
2017-03-12,5561,11381,1046
2017-03-11,5787,12569,1043
2017-03-10,6745,15304,1042
2017-03-09,7268,16169,1041
2017-03-08,5973,12705,1040
2017-03-07,5581,10814,1039
2017-03-06,6452,12346,1038
2017-03-05,5045,9066,1037
2017-03-04,5383,10444,1037
2017-03-03,6456,12246,1036
2017-03-02,6825,13236,1036
2017-03-01,6607,12560,1036
2017-02-28,6712,12751,1035
2017-02-27,6189,11669,1033
2017-02-26,4834,9308,1032
2017-02-25,5428,10274,1032
2017-02-24,6393,12229,1032
2017-02-23,6792,13107,1031
2017-02-22,6927,13246,1031
2017-02-21,6896,13648,1031
2017-02-20,6519,12283,1031
2017-02-19,5140,9874,1030
2017-02-18,5580,10337,1029
2017-02-17,6539,12967,1029
2017-02-16,6863,13106,1029
2017-02-15,6821,13226,1028
2017-02-14,6548,12472,1025
2017-02-13,6494,12295,1025
2017-02-12,5169,9539,1024
2017-02-11,5281,9978,1023
2017-02-10,6366,12894,1023
2017-02-09,6862,13492,1023
2017-02-08,6817,13663,1022
2017-02-07,6812,13067,1021
2017-02-06,6123,11667,1019
2017-02-05,4949,8910,1016
2017-02-04,5496,10682,1016
2017-02-03,6439,13008,1015
2017-02-02,6745,13409,1015
2017-02-01,6696,13411,1015
2017-01-31,6699,13059,1014
2017-01-30,6272,12808,1014
2017-01-29,4804,9543,1014
2017-01-28,5215,10450,1013
2017-01-27,6466,13399,1013
2017-01-26,7053,16118,1012
2017-01-25,7124,14861,1011
2017-01-24,6938,14463,1010
2017-01-23,6613,13445,1010
2017-01-22,5224,10881,1009
2017-01-21,5571,11476,1007
2017-01-20,6471,14072,1006
2017-01-19,6959,15162,1006
2017-01-18,6981,15316,1004
2017-01-17,6950,14971,1002
2017-01-16,6524,13429,1001
2017-01-15,5153,10003,1001
2017-01-14,5766,11650,1001
2017-01-13,6585,14059,999
2017-01-12,6969,14765,997
2017-01-11,6898,14848,996
2017-01-10,6625,13979,994
2017-01-09,6450,13201,992
2017-01-08,5046,9941,990
2017-01-07,5408,11228,989
2017-01-06,5772,12612,989
2017-01-05,6320,13393,988
2017-01-04,6371,14074,988
2017-01-03,6041,12543,985
2017-01-02,5240,10828,985
2017-01-01,3765,7338,985
2016-12-31,4440,9368,985
2016-12-30,5463,11293,985
2016-12-29,5518,11764,985
2016-12-28,5343,11576,985
2016-12-27,4920,10079,985
2016-12-26,4021,8325,985
2016-12-25,3082,6383,984
2016-12-24,3697,7531,982
2016-12-23,4887,10241,982
2016-12-22,5363,11433,982
2016-12-21,5570,12201,981
2016-12-20,5676,11886,980
2016-12-19,5500,11189,979
2016-12-18,4230,8372,978
2016-12-17,4696,9806,978
2016-12-16,5508,11825,978
2016-12-15,5959,12625,977
2016-12-14,6312,13051,975
2016-12-13,6059,12306,972
2016-12-12,5853,12015,972
2016-12-11,4265,8602,972
2016-12-10,4652,9701,969
2016-12-09,5480,12011,968
2016-12-08,5595,12284,967
2016-12-07,5993,13049,966
2016-12-06,5854,12343,965
2016-12-05,5673,12145,965
2016-12-04,4441,9021,965
2016-12-03,4737,10064,965
2016-12-02,5803,12649,965
2016-12-01,6115,13073,965
2016-11-30,6169,13078,963
2016-11-29,6101,12847,962
2016-11-28,5514,12096,959
2016-11-27,4279,8425,958
2016-11-26,4429,9037,957
2016-11-25,5014,10647,957
2016-11-24,5369,11353,956
2016-11-23,5840,12211,955
2016-11-22,5796,12030,954
2016-11-21,5725,11123,953
2016-11-20,4459,8519,949
2016-11-19,4935,9845,949
2016-11-18,6086,12121,949
2016-11-17,6697,13655,947
2016-11-16,6580,13441,945
2016-11-15,6622,13673,945
2016-11-14,6293,12533,945
2016-11-13,5062,9808,945
2016-11-12,5171,10252,941
2016-11-11,5999,11978,939
2016-11-10,6439,13008,939
2016-11-09,6144,11863,939
2016-11-08,6294,12638,939
2016-11-07,6264,12658,939
2016-11-06,5046,9357,939
2016-11-05,5338,10410,938
2016-11-04,6421,12965,938
2016-11-03,6687,13526,938
2016-11-02,6485,12653,938
2016-11-01,5898,11197,937
2016-10-31,5704,11136,937
2016-10-30,4562,8668,937
2016-10-29,4815,9727,937
2016-10-28,6044,12216,936
2016-10-27,6398,12788,934
2016-10-26,6370,12793,933
2016-10-25,6294,12203,932
2016-10-24,5999,11729,930
2016-10-23,4835,9370,929
2016-10-22,4992,9999,927
2016-10-21,5868,11977,926
2016-10-20,6329,12890,924
2016-10-19,6435,12705,923
2016-10-18,6275,12278,922
2016-10-17,6212,12111,922
2016-10-16,4809,8838,922
2016-10-15,5103,9885,921
2016-10-14,5928,11858,921
2016-10-13,6489,13270,920
2016-10-12,6426,12674,920
2016-10-11,6447,12704,920
2016-10-10,6229,11675,919
2016-10-09,5154,9121,919
2016-10-08,5358,9920,919
2016-10-07,6004,11715,919
2016-10-06,6375,12727,918
2016-10-05,6432,12589,918
2016-10-04,6143,11919,916
2016-10-03,5965,12039,915
2016-10-02,4519,8381,915
2016-10-01,4788,9176,912
2016-09-30,5627,11320,912
2016-09-29,6091,11977,910
2016-09-28,6168,11860,909
2016-09-27,6169,12201,908
2016-09-26,6158,11703,908
2016-09-25,4821,8696,907
2016-09-24,4895,9423,906
2016-09-23,5890,11628,906
2016-09-22,6128,12184,903
2016-09-21,6077,11857,902
2016-09-20,6108,11861,899
2016-09-19,5876,11147,899
2016-09-18,4567,8218,899
2016-09-17,4646,8848,898
2016-09-16,5469,11062,898
2016-09-15,5899,11461,896
2016-09-14,5951,11725,896
2016-09-13,5690,11330,895
2016-09-12,5588,10637,893
2016-09-11,4248,7736,889
2016-09-10,4360,8270,889
2016-09-09,5044,9907,889
2016-09-08,5267,10466,888
2016-09-07,5288,10357,887
2016-09-06,5217,10310,886
2016-09-05,4872,9125,884
2016-09-04,3999,7220,884
2016-09-03,4067,8218,882
2016-09-02,4824,9948,882
2016-09-01,4985,9743,878
2016-08-31,4949,9474,877
2016-08-30,4877,9503,877
2016-08-29,4793,9086,877
2016-08-28,3705,6791,877
2016-08-27,3745,7331,877
2016-08-26,4542,9007,876
2016-08-25,4839,10324,875
2016-08-24,5112,11121,875
2016-08-23,5142,11494,872
2016-08-22,5130,11298,869
2016-08-21,3895,8499,867
2016-08-20,4087,9038,867
2016-08-19,4650,10485,866
2016-08-18,4877,11002,866
2016-08-17,4927,11057,865
2016-08-16,4878,10856,865
2016-08-15,4497,9667,865
2016-08-14,3784,7744,865
2016-08-13,3903,8441,865
2016-08-12,4625,10575,864
2016-08-11,4785,10591,861
2016-08-10,4887,10640,861
2016-08-09,4864,10443,860
2016-08-08,4644,9790,859
2016-08-07,3739,7453,858
2016-08-06,3727,7806,853
2016-08-05,4451,9868,852
2016-08-04,4659,10007,852
2016-08-03,4875,10399,849
2016-08-02,4938,10613,846
2016-08-01,4737,9794,846
2016-07-31,3951,7952,845
2016-07-30,4001,8320,845
2016-07-29,4614,9793,844
2016-07-28,4714,10491,844
2016-07-27,4788,10343,843
2016-07-26,4740,9890,842
2016-07-25,4558,9224,842
2016-07-24,3723,7085,841
2016-07-23,3795,7747,841
2016-07-22,4400,9449,841
2016-07-21,4495,9577,840
2016-07-20,4531,9667,838
2016-07-19,4423,9439,838
2016-07-18,4259,9065,838
2016-07-17,3633,6760,838
2016-07-16,3586,7165,838
2016-07-15,4257,9063,838
2016-07-14,4439,9608,838
2016-07-13,4546,9791,838
2016-07-12,4456,9769,835
2016-07-11,4402,9300,835
2016-07-10,3322,6521,835
2016-07-09,3525,7233,835
2016-07-08,4146,8656,834
2016-07-07,4314,9253,833
2016-07-06,4253,9510,831
2016-07-05,4200,9128,831
2016-07-04,3988,8233,830
2016-07-03,3271,6747,830
2016-07-02,3292,6285,830
2016-07-01,3819,7694,829
2016-06-30,3939,7587,828
2016-06-29,4146,7884,827
2016-06-28,4053,7737,826
2016-06-27,3795,7326,826
2016-06-26,2752,5120,826
2016-06-25,2897,5655,826
2016-06-24,3282,6732,826
2016-06-23,3586,7347,824
2016-06-22,3646,7081,823
2016-06-21,3717,7389,821
2016-06-20,3714,7230,821
2016-06-19,2876,5326,820
2016-06-18,3073,5951,819
2016-06-17,3642,7334,819
2016-06-16,3898,7909,819
2016-06-15,3849,7719,817
2016-06-14,3827,7684,817
2016-06-13,3745,7544,817
2016-06-12,2989,5699,816
2016-06-11,3158,6289,816
2016-06-10,3685,7300,815
2016-06-09,3889,7946,815
2016-06-08,3974,7944,815
2016-06-07,3972,8469,815
2016-06-06,3981,7754,814
2016-06-05,3277,5988,813
2016-06-04,3237,6331,813
2016-06-03,3863,7648,812
2016-06-02,4058,8334,812
2016-06-01,4172,8531,812
2016-05-31,4127,8304,812
2016-05-30,3885,7696,812
2016-05-29,3382,6194,812
2016-05-28,3188,6172,811
2016-05-27,3846,7697,811
2016-05-26,4004,8038,810
2016-05-25,4056,8009,810
2016-05-24,3972,7791,810
2016-05-23,3982,7819,810
2016-05-22,3308,6046,808
2016-05-21,3301,6332,808
2016-05-20,3810,7538,807
2016-05-19,4017,8184,807
2016-05-18,4070,8402,804
2016-05-17,4045,7787,803
2016-05-16,4179,7425,802
2016-05-15,3813,5859,802
2016-05-14,3857,6183,800
2016-05-13,4442,7387,800
2016-05-12,4693,7709,799
2016-05-11,4537,7541,799
2016-05-10,4526,7573,799
2016-05-09,4370,7443,799
2016-05-08,3793,6102,798
2016-05-07,3799,6232,797
2016-05-06,4893,8055,792
2016-05-05,5400,8496,791
2016-05-04,5962,9480,790
2016-05-03,6338,9832,789
2016-05-02,5929,9148,789
2016-05-01,5503,8620,789
2016-04-30,5314,8845,787
2016-04-29,5563,9459,787
2016-04-28,5862,9902,787
2016-04-27,7201,11908,786
2016-04-26,7085,11304,785
2016-04-25,6748,10871,785
2016-04-24,5806,8691,783
2016-04-23,5505,8607,783
2016-04-22,6080,9787,781
2016-04-21,6607,10624,781
2016-04-20,6812,10837,779
2016-04-19,7082,11294,779
2016-04-18,8106,13443,779
2016-04-17,7620,12151,779
2016-04-16,7125,11825,776
2016-04-15,7337,12368,776
2016-04-14,7707,12821,775
2016-04-13,7429,12408,775
2016-04-12,7210,12060,773
2016-04-11,7127,12149,771
2016-04-10,6753,10751,769
2016-04-09,7182,11511,768
2016-04-08,7425,12370,766
2016-04-07,8159,13806,765
2016-04-06,8415,14569,764
2016-04-05,8206,13592,763
2016-04-04,9550,16832,762
2016-04-03,8408,13725,759
2016-04-02,8163,13083,758
2016-04-01,7948,13061,757
2016-03-31,8267,13592,755
2016-03-30,8017,13093,755
2016-03-29,7942,12754,755
2016-03-28,7543,11718,753
2016-03-27,6998,10747,753
2016-03-26,6313,9593,753
2016-03-25,6644,10638,752
2016-03-24,6512,10202,751
2016-03-23,6842,11188,751
2016-03-22,6186,10590,747
2016-03-21,6116,10211,745
2016-03-20,3326,6371,744
2016-03-19,2949,5944,743
2016-03-18,3119,6255,742
2016-03-17,3399,6618,742
2016-03-16,3604,7273,742
2016-03-15,3433,6700,740
2016-03-14,3442,6854,739
2016-03-13,2919,5317,739
2016-03-12,2826,5550,737
2016-03-11,3302,6608,737
2016-03-10,3484,6786,736
2016-03-09,3734,7621,735
2016-03-08,3502,7182,734
2016-03-07,3486,6898,733
2016-03-06,2821,5253,732
2016-03-05,2919,5642,730
2016-03-04,3174,6235,730
2016-03-03,3453,7330,730
2016-03-02,3517,7355,729
2016-03-01,3634,7336,727
2016-02-29,3576,7157,727
2016-02-28,3478,6145,726
2016-02-27,3303,6127,726
2016-02-26,3687,7151,725
2016-02-25,4223,8420,724
2016-02-24,4344,8234,721
2016-02-23,4287,8507,720
2016-02-22,4385,8115,720
2016-02-21,3828,6497,720
2016-02-20,3580,6719,718
2016-02-19,3985,7856,716
2016-02-18,4126,7931,716
2016-02-17,4205,8082,716
2016-02-16,4158,7619,716
2016-02-15,4194,7667,716
2016-02-14,3748,6434,715
2016-02-13,3538,6376,712
2016-02-12,3801,7174,712
2016-02-11,2732,4545,712
2016-02-10,1742,2228,712
2016-02-09,1892,2542,711
2016-02-08,1660,2193,711
2016-02-07,1361,1741,711
2016-02-06,1498,1957,710
2016-02-05,1808,2379,709
2016-02-04,1889,2469,709
2016-02-03,1783,2287,708
2016-02-02,1917,2398,708
2016-02-01,1696,2136,708
2016-01-31,1195,1549,708
2016-01-30,1335,1699,707
2016-01-29,1619,2015,707
2016-01-28,1579,2052,707
2016-01-27,1609,2072,707
2016-01-26,1641,2247,707
2016-01-25,1612,2094,706
2016-01-24,1219,1579,706
2016-01-23,1302,1633,706
2016-01-22,1507,1965,706
2016-01-21,1613,2268,705
2016-01-20,1608,2255,705
2016-01-19,1576,2216,703
2016-01-18,1549,2110,702
2016-01-17,1207,1622,701
2016-01-16,1346,1799,701
2016-01-15,1483,2017,701
2016-01-14,1533,2091,699
2016-01-13,1598,2284,697
2016-01-12,1472,1942,696
2016-01-11,1440,1817,695
2016-01-10,1142,1540,695
2016-01-09,1163,1598,695
2016-01-08,1474,1837,695
2016-01-07,1444,1895,694
2016-01-06,1307,1730,694
2016-01-05,1403,1889,693
2016-01-04,1315,1749,693
2016-01-03,1080,1404,693
2016-01-02,1011,1285,693
2016-01-01,802,1021,693
2015-12-31,940,1190,693
2015-12-30,1241,1563,693
2015-12-29,1220,1495,693
2015-12-28,1123,1439,693
2015-12-27,828,1090,692
2015-12-26,838,1036,691
2015-12-25,632,804,690
2015-12-24,782,1000,690
2015-12-23,1054,1364,688
2015-12-22,1184,1514,688
2015-12-21,1169,1544,688
2015-12-20,853,1028,687
2015-12-19,957,1280,687
2015-12-18,1161,1626,687
2015-12-17,1300,1820,687
2015-12-16,1371,1813,687
2015-12-15,1288,1665,686
2015-12-14,1299,1705,685
2015-12-13,944,1154,685
2015-12-12,1005,1280,685
2015-12-11,1196,1533,684
2015-12-10,1367,1771,684
2015-12-09,1410,1823,684
2015-12-08,1212,1611,684
2015-12-07,1211,1567,684
2015-12-06,914,1244,684
2015-12-05,1041,1341,684
2015-12-04,1248,1633,684
2015-12-03,1391,1795,684
2015-12-02,1472,1854,683
2015-12-01,1367,1745,681
2015-11-30,1458,1846,681
2015-11-29,1241,1631,680
2015-11-28,1198,1547,678
2015-11-27,1416,1761,678
2015-11-26,1564,2000,678
2015-11-25,1869,2292,678
2015-11-24,1701,2074,678
2015-11-23,1674,2030,678
2015-11-22,1270,1566,678
2015-11-21,1258,1556,678
2015-11-20,1518,1857,678
2015-11-19,1576,1951,678
2015-11-18,866,1112,677
2015-11-17,103,210,676
2015-11-16,113,214,675
2015-11-15,92,207,673
2015-11-14,82,145,672
2015-11-13,109,184,672
2015-11-12,117,248,672
2015-11-11,107,247,672
2015-11-10,127,286,672
2015-11-09,126,301,672
2015-11-08,92,234,672
2015-11-07,156,277,670
2015-11-06,131,232,668
2015-11-05,124,240,665
2015-11-04,111,221,664
2015-11-03,123,285,664
2015-11-02,101,210,663
2015-11-01,75,121,662
2015-10-31,71,120,662
2015-10-30,87,151,662
2015-10-29,107,186,662
2015-10-28,98,281,662
2015-10-27,122,254,661
2015-10-26,112,218,661
2015-10-25,79,180,660
2015-10-24,77,171,658
2015-10-23,93,289,657
2015-10-22,119,279,657
2015-10-21,132,315,657
2015-10-20,113,206,655
2015-10-19,106,235,655
2015-10-18,93,204,655
2015-10-17,89,188,655
2015-10-16,100,236,655
2015-10-15,106,202,655
2015-10-14,113,201,655
2015-10-13,128,211,655
2015-10-12,126,255,655
2015-10-11,87,213,654
2015-10-10,77,143,654
2015-10-09,101,199,653
2015-10-08,110,209,653
2015-10-07,120,242,653
2015-10-06,119,268,652
2015-10-05,83,180,652
2015-10-04,84,132,652
2015-10-03,83,150,652
2015-10-02,107,184,652
2015-10-01,116,241,652
2015-09-30,124,228,652
2015-09-29,103,219,652
2015-09-28,110,229,652
2015-09-27,81,116,651
2015-09-26,75,139,651
2015-09-25,103,186,650
2015-09-24,118,241,648
2015-09-23,127,237,648
2015-09-22,133,221,647
2015-09-21,106,217,646
2015-09-20,82,184,645
2015-09-19,90,244,645
2015-09-18,89,296,644
2015-09-17,110,241,643
2015-09-16,103,203,643
2015-09-15,114,214,640
2015-09-14,129,287,640
2015-09-13,95,207,639
2015-09-12,72,207,639
2015-09-11,112,207,638
2015-09-10,107,245,638
2015-09-09,104,165,638
2015-09-08,98,157,637
2015-09-07,81,181,637
2015-09-06,70,200,636
2015-09-05,87,156,635
2015-09-04,100,230,635
2015-09-03,81,184,635
2015-09-02,112,256,635
2015-09-01,109,235,634
2015-08-31,100,212,632
2015-08-30,81,152,632
2015-08-29,70,192,632
2015-08-28,116,214,632
2015-08-27,119,194,632
2015-08-26,91,145,631
2015-08-25,109,219,631
2015-08-24,97,220,628
2015-08-23,66,132,627
2015-08-22,76,135,627
2015-08-21,81,177,627
2015-08-20,78,190,627
2015-08-19,82,227,627
2015-08-18,97,180,627
2015-08-17,103,220,627
2015-08-16,69,111,627
2015-08-15,70,137,627
2015-08-14,97,183,627
2015-08-13,98,208,626
2015-08-12,83,169,626
2015-08-11,93,193,626
2015-08-10,85,185,626
2015-08-09,66,145,626
2015-08-08,56,91,626
2015-08-07,78,163,626
2015-08-06,81,177,626
2015-08-05,93,197,626
2015-08-04,65,138,626
2015-08-03,83,175,626
2015-08-02,56,117,626
2015-08-01,45,134,625
2015-07-31,77,172,624
2015-07-30,79,167,624
2015-07-29,83,144,623
2015-07-28,99,181,623
2015-07-27,53,110,623
2015-07-26,47,93,623
2015-07-25,49,110,623
2015-07-24,44,122,623
2015-07-23,38,98,623
2015-07-22,53,156,623
2015-07-21,65,175,623
2015-07-20,47,117,623
2015-07-19,42,115,623
2015-07-18,41,99,622
2015-07-17,63,139,622
2015-07-16,52,102,622
2015-07-15,56,104,622
2015-07-14,49,80,622
2015-07-13,49,90,622
2015-07-12,48,93,622
2015-07-11,51,72,622
2015-07-10,50,138,622
2015-07-09,68,157,622
2015-07-08,63,201,622
2015-07-07,43,115,622
2015-07-06,54,193,622
2015-07-05,39,123,622
2015-07-04,50,120,622
2015-07-03,44,100,622
2015-07-02,47,119,622
2015-07-01,56,178,622
2015-06-30,55,134,620
2015-06-29,67,169,620
2015-06-28,47,146,619
2015-06-27,38,80,619
2015-06-26,68,164,619
2015-06-25,55,155,619
2015-06-24,68,183,618
2015-06-23,67,218,618
2015-06-22,74,165,618
2015-06-21,49,115,617
2015-06-20,55,184,617
2015-06-19,60,154,617
2015-06-18,74,180,617
2015-06-17,71,149,617
2015-06-16,53,157,617
2015-06-15,69,177,617
2015-06-14,53,213,617
2015-06-13,51,148,617
2015-06-12,71,136,617
2015-06-11,69,187,616
2015-06-10,71,205,616
2015-06-09,82,204,616
2015-06-08,83,300,614
2015-06-07,118,349,612
2015-06-06,71,203,610
2015-06-05,95,246,610
2015-06-04,136,308,609
2015-06-03,157,458,607
2015-06-02,133,415,604
2015-06-01,84,264,603
2015-05-31,72,228,603
2015-05-30,105,350,601
2015-05-29,168,522,601
2015-05-28,127,293,598
2015-05-27,61,120,596
2015-05-26,53,144,596
2015-05-25,55,139,596
2015-05-24,53,79,595
2015-05-23,43,91,594
2015-05-22,75,107,593
2015-05-21,66,111,593
2015-05-20,62,120,593
2015-05-19,59,116,593
2015-05-18,56,110,592
2015-05-17,52,157,592
2015-05-16,55,90,592
2015-05-15,56,115,592
2015-05-14,55,86,591
2015-05-13,56,96,591
2015-05-12,72,96,591
2015-05-11,67,155,591
2015-05-10,53,91,591
2015-05-09,78,145,591
2015-05-08,71,132,591
2015-05-07,75,152,591
2015-05-06,83,143,591
2015-05-05,73,117,591
2015-05-04,85,123,591
2015-05-03,61,92,591
2015-05-02,76,149,591
2015-05-01,73,118,591
2015-04-30,107,162,591
2015-04-29,90,182,591
2015-04-28,81,152,591
2015-04-27,66,110,591
2015-04-26,55,81,591
2015-04-25,66,92,591
2015-04-24,76,117,591
2015-04-23,80,211,591
2015-04-22,67,152,591
2015-04-21,78,123,591
2015-04-20,95,137,591
2015-04-19,103,186,591
2015-04-18,84,174,590
2015-04-17,95,132,589
2015-04-16,99,144,588
2015-04-15,115,178,588
2015-04-14,113,205,588
2015-04-13,110,203,588
2015-04-12,87,208,587
2015-04-11,91,157,587
2015-04-10,104,164,587
2015-04-09,125,241,587
2015-04-08,105,174,587
2015-04-07,115,178,586
2015-04-06,140,238,585
2015-04-05,106,178,585
2015-04-04,94,210,585
2015-04-03,119,223,584
2015-04-02,142,185,584
2015-04-01,144,219,584
2015-03-31,167,228,584
2015-03-30,131,209,584
2015-03-29,103,183,583
2015-03-28,123,224,583
2015-03-27,127,200,583
2015-03-26,142,242,582
2015-03-25,172,281,582
2015-03-24,157,262,582
2015-03-23,156,252,582
2015-03-22,135,234,582
2015-03-21,132,223,581
2015-03-20,145,244,581
2015-03-19,133,336,581
2015-03-18,156,261,581
2015-03-17,202,388,581
2015-03-16,160,304,581
2015-03-15,126,214,581
2015-03-14,113,224,581
2015-03-13,130,247,581
2015-03-12,163,334,581
2015-03-11,157,326,580
2015-03-10,177,363,579
2015-03-09,173,314,578
2015-03-08,150,273,578
2015-03-07,140,257,578
2015-03-06,162,354,578
2015-03-05,179,392,578
2015-03-04,177,292,578
2015-03-03,168,250,577
2015-03-02,158,206,577
2015-03-01,150,202,577
2015-02-28,143,201,577
2015-02-27,144,192,577
2015-02-26,193,231,577
2015-02-25,183,241,576
2015-02-24,181,246,576
2015-02-23,167,237,576
2015-02-22,163,242,576
2015-02-21,138,179,576
2015-02-20,155,216,576
2015-02-19,174,260,576
2015-02-18,167,277,576
2015-02-17,168,264,576
2015-02-16,154,247,575
2015-02-15,136,232,575
2015-02-14,157,192,573
2015-02-13,145,227,573
2015-02-12,151,250,572
2015-02-11,159,199,572
2015-02-10,158,222,572
2015-02-09,144,195,572
2015-02-08,169,225,572
2015-02-07,152,197,572
2015-02-06,149,195,572
2015-02-05,173,232,572
2015-02-04,157,216,572
2015-02-03,151,198,572
2015-02-02,141,179,572
2015-02-01,136,173,572
2015-01-31,133,221,572
2015-01-30,151,187,572
2015-01-29,154,246,572
2015-01-28,175,235,572
2015-01-27,163,189,572
2015-01-26,144,208,572
2015-01-25,125,163,571
2015-01-24,111,146,571
2015-01-23,136,176,571
2015-01-22,139,205,571
2015-01-21,135,186,571
2015-01-20,151,216,571
2015-01-19,156,207,571
2015-01-18,118,140,571
2015-01-17,116,159,570
2015-01-16,129,190,570
2015-01-15,122,175,569
2015-01-14,142,172,568
2015-01-13,120,183,568
2015-01-12,133,198,568
2015-01-11,135,169,568
2015-01-10,104,124,568
2015-01-09,113,152,568
2015-01-08,138,183,568
2015-01-07,111,158,568
2015-01-06,108,129,568
2015-01-05,120,162,568
2015-01-04,108,130,567
2015-01-03,90,106,566
2015-01-02,113,150,566
2015-01-01,104,127,563